code,date,close,daily_return_pct
13330,2025-12-29,1315.5,-66.72147735896787
14140,2025-12-29,1328.5,-74.60332632383866
15150,2025-09-29,1820.0,-79.61926091825308
15180,2025-09-29,1397.0,-79.3952802359882
15180,2026-07-23,1953.0,25.756600128783003
16630,2026-04-30,2387.5,-50.05230125523013
18610,2025-09-29,1250.0,-75.29644268774703
18780,2025-09-29,3230.0,-80.43609933373713
18990,2026-04-30,4190.0,-50.87924970691676
19110,2025-06-27,1445.0,-66.80450264185619
19610,2026-04-28,2413.0,-65.62678062678063
19680,2025-09-29,2080.0,-66.8261562998405
19690,2025-09-29,4126.0,-51.57276995305165
19790,2025-03-28,2315.0,-52.0703933747412
19800,2025-12-29,2527.0,-65.43091655266757
19820,2026-03-30,2788.0,-52.17838765008575
21460,2025-12-29,204.0,-93.13824419778001
21630,2026-04-30,954.5,-49.94756161510225
22170,2025-01-30,1600.0,-67.01030927835052
22200,2026-03-30,1451.0,-67.35658042744657
22640,2026-04-30,1186.5,-75.16223571279046
25010,2025-12-29,1702.0,-79.42207713698465
26020,2026-03-30,1905.0,-67.43589743589745
26760,2025-05-29,2102.0,-49.34939759036144
26950,2026-04-28,1745.0,-51.05189340813464
27260,2025-09-09,2866.0,-49.00355871886121
27670,2026-07-28,1930.0,26.1437908496732
277A0,2025-02-27,1840.0,-78.82623705408515
28020,2025-03-28,3069.0,-50.04069672798307
28710,2025-03-28,1797.0,-49.930342713847864
30020,2025-03-28,2627.0,-50.98880597014925
30910,2026-04-30,2070.0,-50.18050541516246
30920,2025-03-28,1478.0,-67.43776162150253
31040,2026-03-30,3625.0,-66.86471663619744
31100,2026-04-30,5708.0,-79.7660404112017
31760,2026-04-30,783.0,-50.536955148452314
31930,2026-04-30,1495.0,-51.302931596091206
32310,2025-03-28,888.5,-80.40361711513013
33870,2025-08-28,827.0,-49.38800489596083
33910,2025-08-28,2264.0,-80.15775635407537
34430,2026-03-30,1534.0,-67.80692549842601
34650,2026-03-30,3260.0,-51.91740412979351
34860,2025-03-28,1896.0,-49.44
34960,2025-09-29,5150.0,-49.46025515210991
34980,2025-08-28,9100.0,-50.40871934604905
35010,2025-02-27,1132.0,-49.844926894107225
35390,2025-10-30,1546.0,-48.27701572432252
35630,2026-04-30,4537.0,-49.66718437985356
36080,2025-01-15,1306.0,29.821073558648116
36120,2026-02-26,1650.0,-51.03857566765579
36560,2025-09-16,283.0,39.408866995073886
36610,2025-12-29,948.0,-49.84126984126984
36650,2025-09-12,380.0,26.66666666666666
36730,2026-04-30,451.5,-49.88901220865705
36810,2026-04-01,70.0,-41.666666666666664
36810,2026-04-02,50.0,-28.57142857142857
36810,2026-04-06,67.0,42.553191489361694
36810,2026-06-30,9.0,-65.38461538461539
36870,2026-05-22,1970.0,25.47770700636942
36970,2025-01-22,1368.5,-93.33576820063307
37080,2025-09-29,1628.0,-66.04796663190824
37410,2025-09-29,2445.0,-49.691358024691354
37630,2025-09-29,1521.0,-50.856219709208396
38370,2025-03-28,1056.0,-51.78082191780822
38530,2025-08-21,1345.0,28.70813397129186
38530,2026-01-20,1332.0,29.06976744186047
39160,2025-12-29,1380.0,-48.31460674157303
39230,2025-09-29,1368.0,-50.702702702702695
39500,2025-06-27,1095.0,-66.5137614678899
39640,2025-03-28,1263.0,-50.93240093240093
39640,2026-03-30,1200.0,-49.9582985821518
40080,2026-03-30,1217.0,-80.68253968253968
40220,2026-03-30,1609.0,-79.98756218905473
40620,2025-12-29,6626.0,-49.95468277945619
40820,2025-10-27,1450.0,32.541133455210236
40820,2026-01-07,1423.0,26.714158504007113
40990,2026-04-30,2520.0,-48.62385321100917
41120,2025-03-28,1616.0,-51.32530120481928
41160,2026-03-30,1107.0,-75.48172757475083
417A0,2026-03-30,1851.0,-80.05602844521064
41830,2025-12-29,2015.0,-49.0002531004809
43180,2025-11-27,844.0,-65.8714112414072
43680,2026-03-30,2816.0,-67.7434135166094
43730,2025-11-27,1104.0,-74.96598639455783
43920,2026-05-12,870.0,70.92337917485266
43920,2026-05-19,1360.0,28.301886792452823
43920,2026-05-21,1981.0,25.300442757748254
43960,2025-12-29,1546.0,-47.68189509306261
44130,2025-05-29,3235.0,-50.30721966205838
44460,2025-12-02,1150.0,-25.806451612903224
44520,2026-04-30,2917.0,-51.35901283975321
45740,2025-06-20,367.0,27.874564459930305
45770,2025-05-29,984.0,-50.453172205438065
46260,2025-11-27,4769.0,-48.303523035230356
46410,2026-04-30,842.3333129882812,-66.74562522746619
46810,2025-03-28,1470.0,-51.64473684210527
47090,2026-03-30,930.0,-51.410658307210035
48120,2025-12-29,2741.0,-64.30989583333333
48250,2026-02-26,2149.0,-49.31603773584906
48280,2025-12-29,1758.0,-78.76811594202898
49140,2025-09-29,1596.0,-80.56029232643118
50210,2025-09-29,3555.0,-51.67867337229849
50360,2025-05-14,1348.0,28.62595419847329
51080,2025-12-29,3554.0,-50.638888888888886
52620,2025-12-29,1552.0,-44.9645390070922
53310,2026-03-30,3155.0,-51.46153846153847
53930,2026-03-30,2840.0,-68.68798235942668
54010,2025-09-29,620.0,-80.35487959442332
54450,2026-03-30,2116.0,-67.34567901234567
54510,2025-06-27,1129.0,-79.16974169741697
54630,2025-09-29,1270.0,-67.2258064516129
54820,2025-06-27,2117.0,-74.61630695443645
55350,2025-02-27,2140.0,-59.46969696969697
55350,2025-05-29,1350.0,-48.156682027649765
55410,2025-02-28,1943.0,25.923525599481522
56020,2025-09-29,1887.0,-78.15972222222223
57070,2026-01-13,1359.0,28.328611898016987
57410,2025-09-29,1610.0,-75.30674846625767
58010,2026-04-30,4237.0,-90.12354312354313
58020,2026-04-30,2547.5,-75.0
58030,2026-03-30,4505.0,-83.695258776692
61960,2026-03-30,1320.0,-66.7924528301887
62580,2025-03-28,1597.0,-68.50098619329388
62640,2026-03-30,1511.0,-51.021069692058354
62690,2025-11-12,13055.0,26.074360212457748
63090,2025-04-28,1378.0,-67.26840855106889
63280,2025-12-29,2233.0,-47.82710280373832
63310,2025-03-28,1394.0,-66.1239368165249
63510,2025-09-29,2100.0,-48.90510948905109
63690,2025-12-29,2555.0,-46.93665628245067
63810,2025-05-12,1403.0,27.198549410698103
63870,2026-05-07,14370.0,25.283347863993022
64540,2026-03-30,1635.0,-75.77777777777777
64630,2025-09-29,1215.0,-50.649878147847275
64800,2026-05-12,1930.0,26.1437908496732
65160,2025-09-29,3385.0,-67.26305609284333
65440,2025-09-29,1881.0,-52.79799247176913
65900,2026-02-26,6000.0,-78.87323943661973
65920,2025-12-29,1469.0,-49.93183367416496
66150,2025-12-05,355.0,29.0909090909091
67010,2025-03-28,3224.0,-79.85
67400,2025-09-17,30.0,42.85714285714286
67400,2026-03-09,52.0,92.59259259259258
67400,2026-03-10,82.0,57.692307692307686
67400,2026-03-11,106.0,29.268292682926834
67400,2026-03-12,79.0,-25.47169811320755
67400,2026-03-16,121.0,32.967032967032964
67400,2026-03-23,65.0,-31.57894736842105
67400,2026-04-01,95.0,31.944444444444443
67450,2026-03-30,2114.0,-67.96969696969697
68500,2025-09-29,1333.0,-51.52727272727273
70120,2026-03-30,2917.0,-80.8028956893715
70130,2025-09-29,2623.0,-85.00714489854244
70590,2025-09-29,1189.0,-49.296375266524514
71640,2025-03-28,2985.0,-51.12166366464712
71730,2026-04-30,1457.5,-87.75210084033614
71810,2026-03-30,1571.0,-68.04312449145647
72360,2026-04-30,1111.0,-88.43912591050989
72360,2026-05-01,1460.0,31.413141314131423
72380,2026-02-12,176.0,32.33082706766916
72800,2026-01-19,1454.0,25.99653379549394
73220,2026-03-30,1474.0,-76.45367412140575
73270,2025-09-29,1422.0,-66.69789227166277
73660,2026-05-12,1470.0,25.2129471890971
73800,2026-03-30,1825.0,-80.50213675213675
73810,2025-09-29,660.0,-90.1639344262295
73890,2026-03-30,1422.0,-79.8583569405099
74190,2025-10-09,1346.0,-65.75063613231552
74530,2025-08-28,3290.0,-51.2158956109134
74660,2026-03-30,1269.0,-51.49082568807339
75320,2025-09-29,984.1,-80.49355797819624
75520,2025-12-29,2943.0,-49.77815699658703
75950,2025-09-29,1225.0,-75.93320235756384
76090,2025-12-29,2500.0,-48.875255623721884
76280,2025-12-29,1199.0,-50.413564929693955
77350,2026-03-30,9119.0,-52.206498951781974
77400,2025-06-27,858.0,-75.16642547033285
77400,2026-07-30,1434.0,26.455026455026463
77440,2025-06-27,1486.0,-67.0874861572536
78180,2025-08-28,1226.0,-50.524616626311534
78460,2026-04-30,1596.6666259765625,-67.03145517289775
79140,2025-03-28,1045.0,-75.86605080831409
79170,2025-09-29,1039.0,-75.52414605418139
79840,2025-06-27,821.2,-74.8406862745098
80010,2025-12-29,2015.0,-78.93361212754834
80070,2025-09-29,835.0,-51.59420289855072
80120,2026-03-30,1151.5,-75.60381355932203
80200,2025-12-29,1817.0,-48.614253393665166
80220,2025-03-28,2622.0,-67.6695437731196
80430,2025-03-28,938.0,-67.49826749826751
80500,2026-03-30,5690.0,-52.184873949579824
80530,2026-04-30,1460.0,-74.83192553008102
80570,2026-01-19,2265.0,-80.06161971830986
80600,2026-03-30,3455.0,-50.144300144300146
80610,2025-09-29,1982.0,-66.91151919866445
80750,2025-03-28,2031.0,-67.39967897271268
80780,2026-03-30,1555.0,-80.16581632653062
81110,2025-09-29,2499.0,-67.3546701502286
81360,2026-03-30,980.4,-81.51235149915142
81420,2026-01-29,1272.0,-67.1741935483871
81790,2025-12-29,1340.0,-52.27920227920229
81940,2025-02-27,1804.0,-50.303030303030305
82190,2026-03-30,821.0,-67.31687898089172
82270,2026-02-19,3628.0,-67.43267504488331
82670,2025-08-28,1784.0,-66.82781703235403
82730,2026-02-26,1024.0,-67.28434504792332
83090,2026-04-30,1294.5,-75.64898419864559
83360,2026-03-30,2066.0,-67.61755485893417
83370,2025-07-01,1493.0,25.146689019279123
83410,2026-03-30,3064.0,-67.7677256469598
83440,2025-02-04,1279.0,26.13412228796843
83450,2026-03-30,1612.0,-76.36363636363637
83660,2026-03-30,1823.0,-81.08921161825727
83670,2026-03-30,1452.0,-80.48387096774194
83860,2026-03-30,2139.0,-75.47018348623853
83920,2026-03-30,1843.0,-81.51454363089267
83930,2026-03-30,1824.0,-81.07883817427386
84240,2025-03-28,3943.0,-67.37277616880431
84730,2025-11-27,3285.0,-50.08357392493542
85220,2025-09-29,3430.0,-67.17703349282297
87500,2025-03-28,1171.0,-75.67511425010387
87980,2025-04-08,269.0,31.862745098039213
87980,2025-07-18,328.0,32.258064516129025
87980,2025-12-29,207.0,31.847133757961778
87980,2025-12-30,287.0,38.647342995169076
88030,2025-06-27,2211.0,-50.25871766029246
88180,2026-04-30,946.0,-48.362445414847166
88300,2025-12-29,3978.0,-49.8234106962664
89230,2025-11-27,1653.0,-52.7038626609442
90080,2026-03-30,799.0,-79.75164723770907
93020,2025-04-28,2914.0,-66.19489559164732
93040,2025-09-29,1137.0,-75.0657894736842
93050,2025-05-29,2369.0,-48.722943722943725
93410,2025-05-15,756.0,-25.51724137931034
94330,2025-03-28,2442.5,-49.88715633976201
95330,2026-03-30,1243.5,-74.42410530645824
96020,2026-02-26,1553.5,-79.98840654386191
96120,2025-11-17,1495.0,25.10460251046025
96440,2025-03-28,657.0,-52.835606604450824
96580,2026-03-30,934.0,-68.06837606837607
96820,2025-09-29,1324.0,-75.06591337099812
96840,2025-09-29,3147.0,-67.34122042341221
97220,2025-12-29,2584.0,-80.51282051282051
97570,2025-12-29,1171.0,-50.12776831345826
98430,2025-09-29,2795.0,-80.21238938053096
98820,2025-03-28,1387.0,-50.4288777698356
98890,2025-03-28,1152.0,-75.2258064516129
99340,2025-11-27,2457.0,-49.02489626556017
99840,2025-12-29,4485.0,-74.80337078651685
