code,date,close,trailing_return_pct,volume_ratio_vs_avg,pct_below_52w_high,is_52w_high_break,fwd_return_20d
55350,2025-01-06,2842.0,,,,False,96.34060520760028
285A0,2025-09-25,4890.0,106.93979933110367,0.832938326378653,5.598455598455598,False,79.55010224948876
69970,2026-05-20,2991.0,48.661800486618006,0.7002621955089864,15.746478873239436,False,75.19224339685724
58010,2026-01-09,10015.0,-2.168555938886151,1.2987164630640353,14.365113296280462,False,74.7378931602596
69760,2026-04-21,6072.0,58.481915435557816,1.3507790503740045,5.258230613200187,False,74.65415019762845
34360,2026-04-03,1738.0,6.993443646581329,0.6189581080706423,7.306666666666667,False,74.5109321058688
50740,2026-04-15,619.0,-7.004470938897168,0.5308921375615328,19.714656290531778,False,74.47495961227787
61400,2026-01-26,858.0,10.259579728059332,1.3146666666666667,8.235294117647058,False,73.77622377622379
69970,2026-03-23,1376.0,-9.566787003610107,1.177979606908257,27.157226045526734,False,73.25581395348837
69970,2026-04-21,2354.0,73.25581395348837,1.9008986066140356,5.233494363929147,True,72.68479184367035
68000,2026-01-26,2175.0,1.8246550956831329,1.0786571324687917,7.838983050847458,False,72.183908045977
63300,2025-12-05,2490.0,6.899488926746167,0.1891504902760408,20.192307692307693,False,72.08835341365462
45060,2025-04-07,536.0,-8.944281524926687,1.9545356350818857,36.0381861575179,False,72.01492537313433
78260,2026-01-14,3945.0,18.11263318112633,1.1595077780357557,-1.2836970474967908,True,71.35614702154626
39150,2026-05-01,1770.0,10.942441492726122,0.3051219006428296,44.42700156985872,False,71.1864406779661
285A0,2025-10-17,6560.0,46.22741764080765,0.600731479767571,6.017191977077363,False,70.19817073170732
67030,2025-04-09,791.0,-12.525879917184266,1.3943392618091413,25.866916588566074,False,69.65865992414665
98800,2026-04-14,2678.0,0.38461538461538464,0.9319022409166727,9.861999326825984,False,69.52949962658701
36560,2025-11-18,230.0,4.017857142857143,1.081956029547293,20.13888888888889,False,69.1304347826087
62640,2026-04-06,1519.0,-55.49100968188105,3.9311994449212118,63.83333333333333,False,68.86109282422646
39030,2025-05-19,478.0,3.7894736842105265,1.5454949783307992,24.605678233438486,False,68.6192468619247
38530,2025-07-22,620.0,-0.6369426751592357,0.5524162120031177,13.286713286713287,False,68.54838709677419
43840,2025-11-14,1051.0,-0.46339202965708987,0.9100587516265132,27.51724137931034,False,68.41103710751665
34360,2026-04-27,2379.5,21.156444204269118,1.148907533786928,2.8973678841052846,False,67.85038873712965
76000,2026-04-28,503.0,1.2797074954296161,4.04356705241661,33.64116094986807,False,67.39562624254472
62350,2026-01-28,2044.0,7.283057851239668,0.6267596192519105,3.5849056603773586,False,65.85127201565558
44460,2025-08-29,390.0,20.35928143712575,0.9162750961127724,9.30232558139535,False,65.64102564102564
49800,2026-04-13,2324.0,-1.0058675607711651,0.7663239180141572,30.27302730273027,False,65.61962134251291
57260,2025-08-08,1690.0,18.966689326988444,2.375166092164301,23.702031602708804,False,64.43786982248521
39030,2025-01-14,386.0,,,10.232558139534884,False,64.24870466321244
58030,2025-04-07,3593.0,-31.206924186568358,0.968626023193293,52.8477690288714,False,64.18035068188144
95520,2026-04-30,638.0,11.643835616438356,0.499021248829754,56.211393273850376,False,63.94984326018809
25850,2026-03-10,1022.0,-34.439574201628055,1.6130801487322777,66.10281923714759,False,63.6986301369863
77170,2025-04-14,1932.0,-17.59788825340959,0.761615839054766,22.065348931020573,False,63.56107660455487
67790,2026-03-23,1199.0,3.7480063795853265,0.8394425835808633,18.045112781954884,False,63.38615512927439
285A0,2025-01-28,1717.0,,0.44543881198151386,17.25301204819277,False,63.366336633663366
69410,2025-10-10,3690.0,16.055045871559635,0.5495367277585756,7.052896725440807,False,63.143631436314365
36560,2025-11-12,225.0,10.396039603960396,2.0059875021060836,21.875,False,63.11111111111111
69810,2026-05-18,6171.0,47.50599520383693,0.8431569056613049,5.65662742699893,False,63.0205801328796
62350,2026-04-02,2677.0,-11.514195583596216,0.6694230155128658,30.104438642297648,False,62.86888307807247
67030,2026-01-28,1984.0,4.954034729315628,1.2795705987782333,12.791208791208792,False,62.80241935483871
39940,2026-03-18,3144.0,-6.983744732089104,0.36418192238966995,53.7238740064763,False,62.786259541984734
49170,2025-08-18,1410.0,-2.7045769764216363,0.6517964471751035,5.369127516778524,False,62.76595744680851
69970,2026-05-18,2944.0,70.03405221339388,0.9962495535182759,17.070422535211268,False,62.703804347826086
262A0,2025-04-09,1421.0,-10.0,1.1198616531513637,48.81123919308357,False,62.5615763546798
57060,2025-07-16,5208.0,8.944954128440367,0.7129388334498612,1.0638297872340425,False,62.46159754224271
58210,2026-01-23,2831.0,1.9978594363182305,0.62136790344211,14.47129909365559,False,62.31013776050865
99840,2026-04-28,5268.0,58.28819068255689,1.3918462729515348,80.97851597761328,False,62.12984054669703
68000,2026-03-23,2894.0,0.6633499170812603,1.4347606517289955,23.23607427055703,False,62.059433310297166
71720,2025-01-10,1168.0,,,4.026294165981923,False,61.986301369863014
57150,2025-01-10,1538.0,,,4.472049689440994,False,61.76853055916776
50160,2026-01-26,2564.0,48.920661620409305,0.7996652089631113,8.19906910132474,False,61.661466458658346
31100,2025-10-10,7590.0,18.65671641791045,0.7150844848681527,6.296296296296296,False,61.528326745718054
67030,2025-05-02,945.0,-1.6494845360824744,0.8057140697630475,11.433926897844424,False,61.48148148148148
38530,2026-04-22,1705.0,26.715092816787735,0.6801294684031324,32.07171314741036,False,61.29032258064516
65250,2025-04-07,1789.5,-25.057839473215875,1.6953859532377185,52.024128686327074,False,61.27409891031014
62010,2025-04-07,10765.0,-10.45066045066045,1.7641990234518505,24.136715997181113,False,61.07756618671621
57270,2026-01-29,1890.0,33.979885057471265,1.0298172121770761,0.42149631190727077,True,60.84656084656085
285A0,2025-02-05,1735.0,,0.22033316447399548,16.3855421686747,False,60.80691642651297
62780,2026-01-26,9950.0,18.931475029036005,0.8836626403221076,7.441860465116279,False,60.60301507537689
34450,2026-04-01,3730.0,-17.741935483870968,1.1147731678945327,18.736383442265794,False,60.58981233243968
285A0,2025-12-15,9200.0,-24.069097888675625,0.7530900522567169,36.133287053106564,False,60.32608695652174
268A0,2026-01-26,1190.0,2.459016393442623,1.782735107819044,11.72106824925816,False,59.831932773109244
67870,2026-01-09,10100.0,-11.035072711719419,1.3393534679010473,15.551839464882944,False,59.8019801980198
77350,2026-05-28,11030.0,8.563134978229318,0.7749149164365399,53.791369920402175,False,59.79147778785131
68570,2025-09-04,11200.0,6.470881035340965,0.9264905973781619,6.976744186046512,False,59.732142857142854
69630,2026-04-27,3419.0,16.311399443929563,3.641604630951398,12.107969151670952,False,59.63732085405089
77250,2026-04-07,1423.0,1.069137562366358,0.4638577502899111,8.488745980707396,False,59.59241040056219
15150,2026-01-05,2231.0,22.37417943107221,0.7563822510535955,75.37527593818984,False,59.56969968623935
67230,2026-04-03,2271.5,-12.895238095238096,0.5414157907269449,27.613129381771827,False,59.49812898965441
36560,2025-12-01,232.0,19.047619047619047,1.6489176961275394,19.444444444444446,False,59.48275862068966
62580,2025-04-09,1145.0,-73.60084477296726,1.6587200322342355,79.66252220248667,False,59.47598253275109
69810,2026-05-12,6078.0,57.42208135235076,0.9704573291937411,-0.9970089730807578,True,59.460348798947024
285A0,2026-01-14,13280.0,44.50897571277719,0.8205190864328998,7.809788267962513,False,59.450301204819276
40920,2026-04-22,3205.0,12.964236588720771,0.930245143135451,20.96177558569667,False,59.4383775351014
58010,2026-03-16,29405.0,38.58658839467148,1.3285611457367568,8.452677459526775,False,59.42866859377657
62640,2026-04-09,1601.0,-53.50500715307582,1.7501107104447398,61.88095238095238,False,59.08806995627732
64800,2026-04-07,962.0,1.1627906976744187,1.350736325799111,14.942528735632186,False,59.04365904365905
83380,2026-01-14,461.0,15.5,1.219989939270288,2.1231422505307855,True,59.00216919739696
67870,2026-04-20,27340.0,13.645378817929393,0.7592150814879073,11.377633711507293,False,58.92465252377469
38530,2026-04-24,1579.0,5.2734375,0.47080818660380125,37.09163346613546,False,58.64471184293857
79490,2025-04-02,1445.0,-1.544660846205507,1.4457274826789839,8.544303797468354,False,58.6159169550173
63300,2025-06-13,676.0,0.0,1.141080078942647,12.661498708010335,False,58.57988165680473
69610,2026-01-09,8690.0,-12.868369351669942,0.850559968424688,16.442307692307693,False,58.573072497123135
43920,2026-04-07,321.0,-2.416918429003021,0.5079795556482737,15.303430079155673,False,58.56697819314641
69760,2026-03-23,3926.0,-9.832863034512698,0.6810205996954415,26.286143447239958,False,58.481915435557816
69610,2026-01-20,8920.0,4.077010192525481,0.9944184986900558,14.23076923076923,False,58.40807174887892
58020,2026-01-29,6860.0,7.186544342507645,0.8332953680141101,4.92030492030492,False,58.381924198250736
53010,2026-04-10,1001.0,1.3091641490433032,0.5231686512381314,12.42344706911636,False,58.341658341658345
50160,2025-12-16,1711.5,1.8007551553877434,0.5792404148387206,26.827704147071398,False,58.25299444931347
65250,2025-08-22,2831.5,-14.722638680659669,1.0753612803057446,24.088471849865954,False,58.22002472187886
70710,2025-07-16,488.0,1.8789144050104383,0.7876323916874597,37.35558408215661,False,58.19672131147541
285A0,2025-09-18,4520.0,79.53902143145977,2.3158176412365825,5.141657922350472,False,58.1858407079646
99840,2025-07-16,10450.0,20.634005763688762,0.7445368324811746,4.128440366972478,False,58.08612440191388
50160,2025-08-14,1008.0,19.316158138430495,1.504699985191273,3.076923076923077,False,58.08531746031746
63300,2025-06-19,708.0,10.714285714285714,1.3089774187626215,8.527131782945736,False,58.05084745762712
15150,2025-12-25,2224.0,27.52808988764045,1.1614474059108453,75.45253863134658,False,58.048561151079134
67790,2026-04-22,2022.0,67.65676567656766,1.785207992848694,5.46984572230014,False,58.01186943620178
36730,2026-02-24,658.0,-4.225352112676056,3.5933471595299094,19.853836784409257,False,57.90273556231003
57060,2026-04-09,34770.0,13.673270542383891,0.9368581560814673,12.196969696969697,False,57.89473684210527
53010,2026-04-17,1036.0,8.695652173913048,0.6808932120203938,9.361329833770778,False,57.770270270270274
69760,2026-03-27,4125.0,-18.92418631845644,0.8444627080336963,22.549755914382274,False,57.76969696969697
28740,2026-04-21,1681.0,13.275517011340893,0.751466275659824,2.776171197223829,False,57.70374776918501
45060,2025-10-22,1715.0,2.93398533007335,0.5948977184997959,12.051282051282051,False,57.55102040816327
76370,2026-04-23,2340.0,-4.397781299524564,1.0700162828564783,14.285714285714285,False,57.26495726495726
65250,2025-09-01,2697.5,-15.708418891170432,1.0355460103563185,27.680965147453087,False,57.182576459684896
40620,2025-04-09,3160.0,-18.934485241180706,1.685889157723384,39.42879049262028,False,57.15189873417722
64790,2026-05-01,3108.0,17.11340206185567,0.8274402043318928,12.25296442687747,False,57.01415701415702
66170,2026-04-02,4920.0,-8.860759493670885,0.7526211979653276,17.310924369747898,False,56.91056910569105
68710,2025-09-04,4285.0,-18.46590909090909,0.48678582087077626,25.348432055749132,False,56.82613768961493
63870,2026-03-12,5880.0,15.887850467289718,1.4996767937944409,11.578947368421053,False,56.80272108843537
23710,2026-04-09,2184.5,24.602739726027398,0.9002760978175125,26.63308144416457,False,56.78644998855573
44460,2026-06-05,590.0,-15.75037147102526,0.6730165972737124,67.47519294377067,False,56.779661016949156
285A0,2025-08-14,2555.0,5.785802215839146,0.906366921055778,21.384615384615387,False,56.75146771037182
40040,2025-09-04,3756.0,5.146853146853147,0.834256370774153,10.122038765254846,False,56.73588924387647
49680,2026-05-21,1361.0,1.3097072419106317,0.5541784702549575,12.644415917843387,False,56.72299779573843
31100,2026-01-14,13060.0,7.142857142857142,1.4774955056088375,19.13312693498452,False,56.661562021439515
58010,2025-04-28,4454.0,-16.706976744186047,0.6307619305856833,46.36319845857418,False,56.55590480466996
61670,2025-12-12,856.0,-2.640642939150402,1.1104316986669929,15.665024630541872,False,56.54205607476636
61340,2026-01-28,3891.0,12.896881146389436,1.4757127771911298,5.097560975609756,False,56.54073502955539
75370,2026-04-28,1172.0,5.0405040504050405,0.9692841705416203,17.580872011251756,False,56.484641638225256
58010,2026-03-10,27455.0,76.0,1.1798872253999353,14.523661270236612,False,56.40138408304498
40720,2025-07-23,2590.0,-2.43161094224924,0.8127208480565371,4.849375459221161,False,56.37065637065637
58030,2026-04-07,4370.0,-81.67330677290838,2.047196917907122,85.34048976853404,False,56.338672768878716
27370,2026-07-03,16730.0,17.02873160476524,1.2097174020823005,11.01063829787234,False,56.246264196054994
40780,2026-04-28,3610.0,1.8624641833810889,0.7631516867185657,15.357561547479484,False,56.232686980609415
67790,2026-03-31,1171.0,-8.395802098950526,0.4494019645786108,19.958988380041013,False,56.02049530315969
77150,2026-05-21,2936.0,-5.433715220949264,0.43702938136719327,13.519882179675994,False,55.824250681198905
40220,2026-04-07,1582.0,-82.25982532751091,1.448031273928989,85.51282051282051,False,55.81542351453855
58050,2025-10-17,7060.0,-12.291169451073985,1.4103768660611755,24.893617021276597,False,55.80736543909348
66170,2026-04-22,5520.0,12.055335968379447,0.7060145178015901,11.11111111111111,False,55.79710144927537
65330,2025-10-23,782.0,3.1537450722733245,0.14415543716703227,14.442013129102845,False,55.754475703324815
262A0,2025-04-11,1457.0,-7.147258163894023,0.7015192135835567,47.514409221902014,False,55.73095401509952
61010,2026-04-28,4495.0,34.62132921174652,1.194909228112438,10.100000000000001,False,55.72858731924361
285A0,2026-05-14,48460.0,82.31046931407943,1.4656601090153325,4.361555160844682,True,55.674783326454815
45160,2025-11-06,3227.0,-2.4624624624624625,0.7069659378500601,22.835963653754185,False,55.655407499225284
66740,2026-01-28,3572.0,-2.831436888065626,1.106837431973485,18.223443223443223,False,55.655095184770445
69660,2026-05-19,712.0,5.1698670605613,0.8872024678215981,20.446927374301676,False,55.61797752808989
50740,2026-01-26,380.0,15.133531157270031,0.6369493369033176,22.448979591836736,False,55.52631578947368
63230,2026-03-30,2569.5,-22.707612456747405,0.8504933207693587,31.969817315329628,False,55.51663747810858
65900,2025-12-18,16570.0,14.838709677419354,1.5900937081659974,13.200628601361968,False,55.461677730838865
65250,2026-06-08,7250.0,9.024191356346833,0.6602268919403749,15.234420671109552,False,55.44827586206896
15150,2025-12-23,2182.0,30.62575210589651,1.0247095038686598,75.91611479028697,False,55.36205316223648
47220,2026-06-22,1465.0,-5.4627249357326475,0.8125260091552227,40.15522875816993,False,55.358361774744026
31100,2026-01-06,10550.0,-11.645569620253164,0.9986716518189138,34.6749226006192,False,55.35545023696683
69960,2026-04-20,2160.0,14.775725593667547,0.9876974695931777,3.442109968708091,False,55.32407407407407
70340,2025-05-20,416.0,13.88888888888889,0.658513640639699,12.421052631578949,False,55.28846153846154
429A0,2026-04-06,3265.0,4.538341158059469,0.6753567316194947,12.348993288590604,False,55.283307810107196
43680,2026-04-22,2956.0,-64.75694444444444,0.8357065053347157,71.63147792706333,False,55.27740189445196
69990,2026-04-27,1784.0,29.574742268041238,5.809845838987387,15.570279223852342,False,55.26905829596412
36560,2025-08-08,114.0,15.789473684210526,3.9547614917606246,34.85714285714286,False,55.26315789473685
63240,2026-04-20,4515.0,7.134220072551391,0.697465962498183,8.51063829787234,False,55.26024363233666
57060,2025-10-17,13675.0,27.790751985053713,0.760154918308422,4.3037088873338,False,55.24680073126142
99320,2025-04-04,1101.0,-3.2975460122699385,2.7197494967568776,21.748400852878465,False,55.222524977293375
69990,2026-05-01,1840.0,21.34107027724049,0.8393977834156763,12.920018930430668,False,55.21739130434783
58010,2025-04-21,4020.0,-27.49650837988827,0.5637646915116559,51.58959537572254,False,55.17412935323384
285A0,2026-03-24,21100.0,1.011764705882353,1.6086229985947602,13.595413595413595,False,55.165876777251185
49170,2025-08-22,1451.0,1.6913319238900635,0.775804029209177,2.61744966442953,False,55.06547208821503
44620,2026-05-20,2351.0,-10.003746721618583,1.6748936170212767,23.420195439739413,False,55.040408336877924
45060,2025-10-27,1692.0,2.1212121212121215,0.5134957561301334,13.230769230769232,False,55.023640661938536
31100,2025-12-18,10380.0,-22.441520467836256,0.4836975994267288,35.72755417956656,False,55.00963391136801
50160,2026-02-06,2529.0,19.194756554307116,0.653408479292838,9.452201933404941,False,55.001977066034
57260,2025-07-31,1660.0,14.92842535787321,1.2057640478350962,25.056433408577877,False,55.00000000000001
58030,2025-07-11,7512.0,15.56217423678332,1.1218446726789946,5.211356466876971,False,54.818956336528224
98800,2026-05-01,2823.0,14.589178356713429,1.1635262149761683,4.981487714574218,False,54.79985830676585
285A0,2026-03-16,22615.0,-0.5194805194805194,1.162807697626979,7.391482391482391,False,54.76453681185054
65250,2025-01-20,2233.5,,,9.354707792207792,False,54.64517573315424
65260,2026-04-21,1874.0,5.587392550143266,0.6234949801800467,46.31910627327414,False,54.589114194236934
58020,2026-01-23,6725.0,6.441377122005394,0.7350339163721191,6.791406791406791,False,54.498141263940525
24920,2026-06-26,356.0,-4.935064935064935,0.9646936741130522,27.346938775510203,False,54.49438202247191
77170,2026-05-21,5040.0,-0.9615384615384616,0.8390199519074544,14.864864864864865,False,54.36507936507936
39920,2025-04-07,300.0,-9.278350515463918,5.153134635149024,31.97278911564626,False,54.333333333333336
64790,2026-04-28,3059.0,17.49187535844007,0.9269471229248927,13.636363636363635,False,54.3314808761033
63230,2025-12-15,2060.0,2.019002375296912,0.7497444053163694,18.881669620003937,False,54.271844660194176
40990,2025-12-29,2785.0,-0.7373595505617977,1.373509836904849,3.466204506065858,False,54.219030520646314
77350,2026-06-01,10875.0,2.915316982878297,0.5694496626754006,54.440720569752834,False,54.16091954022989
63100,2025-08-04,1433.0,11.940298507462686,0.6080551037979527,3.175675675675676,False,54.152128401953945
41820,2026-01-29,3079.0,6.110335195530727,0.7617460206646188,7.5375375375375375,False,54.14095485547256
56310,2025-04-07,3866.0,-14.108352144469528,1.187787763978321,39.59375,False,54.0869115364718
77350,2025-12-19,12790.0,4.8790487904879045,0.6371583480957513,17.590206185567013,False,54.06567630961688
47840,2025-03-11,1136.0,6.077348066298343,0.5314570266022298,20.55944055944056,False,54.04929577464789
49710,2026-04-03,6770.0,-2.936857562408223,0.5454122958438454,11.15485564304462,False,53.91432791728212
285A0,2025-10-21,7040.0,58.1858407079646,1.0479867622724766,4.7361299052774015,False,53.90625
57270,2026-04-07,2599.0,-9.446598519562919,0.4452022621798846,21.361573373676247,False,53.90534821085032
50740,2026-04-06,642.0,8.916083916083917,0.4246495052639128,16.731517509727624,False,53.89408099688473
69960,2026-05-20,3090.0,40.4716073147257,2.134243397091753,-4.0053853921238645,True,53.883495145631066
36730,2026-02-16,611.0,-15.32258064516129,2.9673248707099202,25.57856272838002,False,53.84615384615385
70030,2025-04-10,1493.0,-24.091671324762437,1.0312409612222813,23.9816700610998,False,53.784326858673815
69200,2025-10-03,20010.0,33.377006223386836,0.6556337345438898,10.309278350515463,False,53.77311344327836
27370,2025-10-15,7200.0,7.164634146341463,0.5665502522312766,1.5047879616963065,False,53.75
63240,2026-04-03,3715.0,-15.919811320754718,0.632531695806401,24.721377912867272,False,53.70121130551817
68140,2025-09-16,5420.0,9.418837675350701,0.7823302954116907,7.191780821917808,False,53.69003690036901
69810,2026-04-06,3807.0,-0.4989495798319327,0.7869987034585839,11.915779731605738,False,53.664302600472816
15150,2025-12-16,2064.0,36.130244207889795,1.1695103104853186,77.21854304635761,False,53.58527131782945
58030,2026-03-31,4090.0,-83.16831683168317,4.275358632248049,86.27977188862798,False,53.569682151589234
285A0,2026-04-15,32410.0,54.76453681185054,1.0351265116849286,12.096555465147816,False,53.56371490280778
66200,2026-06-01,658.0,6.957928802588997,0.5039059750862129,63.94520547945205,False,53.49544072948328
31100,2026-01-23,17070.0,72.01565557729941,1.5017689040792768,4.316143497757848,False,53.48564733450498
19450,2026-04-22,1722.0,-1.680672268907563,0.773437089226563,16.972034715525556,False,53.484320557491294
57130,2025-12-26,6421.0,25.99004975124378,0.9872353303574324,3.776412408212199,False,53.48076623578881
50160,2026-04-07,3727.0,-8.91358024691358,0.6828937858989829,21.83305369127517,False,53.47464448618191
40620,2026-05-20,15640.0,63.32622601279317,0.8237577555878043,14.838007078682274,False,53.452685421994886
285A0,2025-02-13,1929.0,-7.217521154803384,1.096703987700327,7.036144578313253,False,53.44738206324521
98800,2026-04-17,2807.0,8.834586466165414,0.566950036342951,5.52002692696062,False,53.36658354114713
69410,2026-01-08,5850.0,0.33726812816188867,0.9246841250794099,10.276073619631902,False,53.333333333333336
61460,2025-12-19,44720.0,-0.11304544426859599,0.7039185861371307,21.626358219418158,False,53.33184257602862
75810,2026-06-30,5420.0,4.158790170132325,0.5781083432380439,24.930747922437675,False,53.321033210332104
63870,2026-03-09,5480.0,27.479338842975203,1.2664652567975831,17.593984962406015,False,53.284671532846716
63150,2025-12-15,1990.0,-19.51315272870043,0.6295551578110772,30.68617206548241,False,53.266331658291456
63300,2025-06-24,740.0,12.923076923076923,1.1868227370250672,4.3927648578811365,False,53.24324324324324
39150,2025-04-07,1582.0,-19.30650684931507,2.8093833403567916,43.5,False,53.22376738305942
40620,2025-04-28,3883.0,-9.648918856079982,0.5354247632138069,25.570251102165997,False,53.206283801184654
63300,2025-07-03,968.0,34.29811866859624,6.779727790336651,-2.7600849256900215,False,53.20247933884298
65260,2026-04-30,1859.0,7.517388978063136,2.636325125186014,46.74878258378688,False,53.20064550833782
70340,2025-05-22,410.0,8.68421052631579,0.25616698292220114,13.684210526315791,False,53.170731707317074
15150,2026-01-14,2938.0,44.051130776794494,2.227228405231835,67.57174392935983,False,53.16541865214431
63300,2025-06-06,689.0,4.725609756097561,0.28236214313648805,10.981912144702841,False,53.12046444121916
69610,2025-10-14,5780.0,11.882998171846435,1.2989457831325302,10.939907550077042,False,53.11418685121107
66160,2026-04-24,1891.0,14.090368608799048,0.723416343149323,11.137218045112782,False,53.09360126916975
77350,2026-05-21,10730.0,-6.515957446808511,1.1234067801416583,55.04817762882279,False,53.07548928238583
67030,2025-04-22,886.0,-14.326923076923077,0.46659095211054324,16.96344892221181,False,53.04740406320542
99320,2025-04-15,1167.0,-12.879348630643966,0.3993405385601759,17.057569296375267,False,53.04198800342759
40820,2025-09-25,715.0,3.443328550932568,1.3012987012987014,3.638814016172507,False,53.00699300699301
87980,2025-05-30,285.0,-7.516339869281046,0.14479510789344205,51.28205128205128,False,52.98245614035088
24320,2025-01-22,2631.5,,0.6748233283135622,14.838187702265374,False,52.95458863765913
65250,2026-05-20,6252.0,-6.832298136645963,1.9669929116386422,18.28519147823814,False,52.943058221369164
62780,2026-01-28,10300.0,22.976190476190474,0.4331768057827257,4.186046511627907,False,52.9126213592233
34750,2025-03-12,790.0,-11.67964404894327,0.7953719008264463,16.224814422057264,False,52.911392405063296
70030,2025-04-07,1221.0,-24.277456647398843,1.5794396088925708,37.830957230142566,False,52.907452907452914
72360,2025-07-16,4690.0,2.3965141612200433,0.8101983002832861,4.285714285714286,False,52.87846481876333
34800,2026-03-11,3480.0,5.255255255255255,0.8403619076828708,17.142857142857142,False,52.87356321839081
69650,2026-04-21,1945.5,9.786276715410573,0.6248220968386936,18.393456375838927,False,52.83988691852994
65900,2025-09-10,11350.0,11.133004926108374,1.0577685890809434,0.43859649122807015,False,52.77533039647577
285A0,2026-05-27,60550.0,79.48275862068965,1.448153663935788,8.382508700257226,True,52.766308835672994
99840,2026-03-26,3822.0,-7.0068359375,1.6615995224769946,86.19967503159415,False,52.721088435374156
70030,2025-10-02,4130.0,-5.549389567147614,0.8174079378437925,11.182795698924732,False,52.68765133171913
40920,2026-05-20,3445.0,-0.13908205841446453,0.4078514883570205,15.04315659679408,False,52.685050798258345
77150,2026-05-27,2954.0,2.4752475247524752,0.6171976430640168,12.989690721649486,False,52.67433987813135
69140,2026-04-13,2882.0,2.4045261669024045,0.8386692650334076,9.9375,False,52.67175572519084
63310,2025-04-30,1269.0,-8.751793400286944,0.5489864864864865,69.42168674698796,False,52.63987391646966
63310,2025-04-16,1178.0,-70.45340050377834,0.5660255997941726,71.61445783132531,False,52.63157894736842
68710,2025-09-09,4555.0,-13.841807909604519,0.6724507996009553,20.644599303135887,False,52.57958287596048
72360,2025-04-11,3150.0,-19.768934531450576,1.1727814361868925,21.34831460674157,False,52.539682539682545
50740,2026-02-03,375.0,1.1363636363636365,1.1371987433532043,23.46938775510204,False,52.53333333333333
63300,2025-10-09,1603.0,-4.424778761061947,0.9038037063582908,20.722057368941645,False,52.526512788521515
49710,2026-04-07,6970.0,-7.209612817089453,0.7094183947843383,8.530183727034121,False,52.51076040172167
34450,2026-04-17,4420.0,5.833333333333333,0.4771023335821622,6.8493150684931505,False,52.488687782805435
57060,2026-04-03,31520.0,-9.686262564727384,0.6252198421144025,20.404040404040405,False,52.4746192893401
68710,2025-10-01,5660.0,25.64102564102564,0.5086140434112205,11.285266457680251,False,52.473498233215544
65900,2025-09-12,11460.0,17.058222676200206,0.8023430211273427,2.218430034129693,False,52.44328097731239
66190,2026-03-11,185.0,1.7045454545454544,1.6340572881561672,38.12709030100335,False,52.43243243243243
83380,2026-01-21,477.0,19.759036144578314,1.4849047965312003,4.9800796812749,False,52.41090146750524
66190,2026-03-06,168.0,-5.747126436781609,0.7277913801384708,43.812709030100336,False,52.38095238095239
95090,2025-07-16,784.8,9.781853550090313,0.6061452690188713,9.124594719777683,False,52.268093781855264
61400,2026-02-05,951.0,14.761904761904763,0.6685862520837604,18.925831202046037,False,52.26077812828601
63310,2025-04-23,1241.0,-69.30521091811414,0.7478416195296219,70.09638554216868,False,52.21595487510072
44460,2026-06-02,565.0,-17.994505494505493,1.8794700433814047,68.85336273428886,False,52.21238938053098
69760,2026-05-27,11120.0,82.71072796934867,1.8786974868701047,5.88235294117647,True,52.20323741007194
80350,2025-09-04,20085.0,-10.939941951328422,0.5067030247556046,29.625087596355993,False,52.203136669156095
57270,2026-02-06,1791.0,30.118798043326343,1.2591021289725393,8.808553971486761,False,52.14963707426019
72450,2026-05-22,980.0,5.125408942202835,0.5792747250892458,26.14920874152223,False,52.142857142857146
34150,2025-05-22,290.0,15.294117647058824,0.7036783184829792,19.667590027700832,False,52.06896551724138
50160,2025-07-29,863.5,8.271604938271606,0.601192713977163,16.971153846153847,False,52.05558772437753
69410,2026-01-26,5940.0,7.82608695652174,0.9935138474209821,8.895705521472392,False,52.02020202020202
15150,2025-12-18,2059.0,29.51219512195122,0.8202870694732927,77.27373068432671,False,52.01554152501215
39150,2025-04-09,1671.0,-19.937694704049843,1.8103609500654572,40.32142857142857,False,51.94494314781568
15150,2026-01-08,2600.0,35.51688843398158,3.040965236000876,71.30242825607064,False,51.92307692307693
80500,2025-07-30,4220.0,-3.4207525655644244,0.6301218161683277,22.568807339449542,False,51.8957345971564
63300,2025-10-07,1532.0,-8.604651162790699,1.0270255435640236,24.23343224530168,False,51.89295039164491
70030,2025-04-16,1457.0,-12.44186046511628,0.54961692088125,25.814663951120163,False,51.88743994509266
34360,2026-04-23,2163.0,27.185017026106696,1.1275101431702654,11.73229953070802,False,51.87239944521498
77350,2026-06-08,11760.0,10.984182776801406,0.909130725388897,50.733137829912025,False,51.87074829931972
78260,2026-04-10,7000.0,-7.346938775510205,1.1944160708205651,13.043478260869565,False,51.857142857142854
44130,2025-04-07,3965.0,-5.572755417956656,1.212812160694897,27.513711151736747,False,51.82849936948297
57060,2025-10-22,13735.0,26.87326549491212,1.0439292158854838,3.8838348495451362,False,51.80196578085183
83380,2026-01-09,452.0,9.950248756218906,0.9483346354280966,-0.4444444444444444,True,51.76991150442478
34450,2026-04-15,4330.0,10.16949152542373,1.0517821116341628,8.74604847207587,False,51.73210161662818
76000,2026-05-01,522.0,-1.7857142857142856,1.0601067770199504,31.13456464379947,False,51.724137931034484
42200,2026-07-03,1756.0,9.148665819567979,0.927308092459402,6.496272630457935,False,51.70842824601367
61410,2026-04-06,2462.0,-9.10927456382002,0.5648537207932456,32.732240437158474,False,51.70593013809911
69140,2026-04-20,2907.0,9.443631039531478,1.3266155896069287,9.15625,False,51.702786377708975
35610,2025-01-17,902.0,,,7.6765609007164795,False,51.66297117516629
40620,2026-03-27,8269.0,-12.349772067965189,0.6661938234800748,46.461638070573,False,51.650743741685815
67230,2026-04-28,2913.0,39.18467364669191,1.4065691862982928,13.432392273402675,False,51.630621352557505
63300,2025-10-16,1843.0,12.880710659898478,2.9791214935428,8.852621167161226,False,51.600651112316875
65160,2026-03-30,4380.0,-9.090909090909092,1.1604056234155335,58.32540437678402,False,51.598173515981735
61010,2026-04-03,3450.0,-9.320905459387484,0.4590917193163138,19.860627177700348,False,51.59420289855072
57070,2025-12-01,725.0,6.41399416909621,1.019688762789098,8.575031525851198,False,51.58620689655172
57060,2025-07-14,5179.0,11.240968975775607,0.5688866612367646,1.614741641337386,False,51.57366286927978
68660,2026-03-31,7020.0,-6.709677419354838,0.9055425448868072,12.030075187969924,False,51.566951566951566
82370,2026-01-26,1891.0,8.0773606370876,0.6326951660492047,7.711078574914593,False,51.560021152829194
63300,2026-01-08,4520.0,72.08835341365462,2.7105676548068907,-5.484247374562427,True,51.54867256637168
65060,2026-04-07,4338.0,-9.000633847454045,0.7241277360286688,22.52187890694767,False,51.54449054863992
57270,2026-02-17,1837.0,10.57057057057057,0.6853987859765246,12.27316141356256,False,51.49700598802395
28740,2026-05-01,1653.0,2.670807453416149,0.7478745546265919,4.395604395604396,False,51.482153660012095
69610,2025-10-17,6120.0,4.4142614601018675,0.7463391591875296,5.701078582434515,False,51.470588235294116
57060,2026-01-23,21815.0,26.443148688046648,0.7052144581866441,4.9869337979094075,False,51.45542058216823
69620,2026-05-12,801.0,31.70731707317073,0.93726309985987,2.078239608801956,True,51.43570536828964
19500,2026-01-28,3500.0,10.869565217391305,1.688376131993549,5.660377358490567,False,51.42857142857142
69140,2026-05-01,2985.0,6.365951255001819,1.2396183071213995,6.71875,False,51.42378559463987
18140,2025-10-14,2427.0,-4.476449980537174,1.2127721902157993,10.343553749538234,False,51.42150803461063
45060,2025-01-16,533.0,,,5.49645390070922,False,51.40712945590994
34800,2026-05-18,5240.0,0.0,0.6869369369369369,4.7272727272727275,False,51.335877862595424
99840,2025-09-09,15175.0,14.4248106743599,0.6811982210225727,10.70903206825537,False,51.33443163097199
69760,2026-01-26,3391.0,2.636858698767555,1.335741971692653,27.496258285225572,False,51.31229725744618
68710,2025-05-30,3655.0,27.510040160642568,0.8344151194430457,28.61328125,False,51.29958960328317
52620,2025-01-21,1310.0,,,5.755395683453238,False,51.29770992366412
72200,2026-03-24,2515.0,0.28559771521827826,0.4899578136463683,34.59037711313394,False,51.29224652087475
69410,2025-10-21,3735.0,5.386740331491713,0.6789371038517796,5.919395465994962,False,51.27175368139224
54710,2026-05-28,1955.5,5.309011707051456,1.110813690448073,18.11139028475712,False,51.26566095627717
61970,2025-11-27,551.0,3.977272727272727,1.3469307144011347,0.0,True,51.17967332123412
66200,2025-07-10,1069.0,-2.7385159010600706,0.7165325651468495,45.15135967162647,False,51.16931711880262
61970,2025-12-02,561.0,10.371819960861057,0.9164254269514722,1.9230769230769231,False,51.15864527629233
17260,2026-01-28,350.0,2.898550724637681,0.6404066073697586,4.891304347826087,False,51.142857142857146
67620,2026-04-27,2718.0,27.434257285003554,1.0677351499976493,1.948051948051948,False,51.140544518027966
40620,2025-09-30,8984.0,21.309285237140948,0.4192296715507976,2.081743869209809,False,51.10195903829029
63300,2025-06-11,681.0,2.3880597014925375,0.5486827259951307,12.015503875968992,False,51.10132158590308
69860,2025-05-14,501.0,5.9447983014862,0.8346740773243625,12.869565217391305,False,51.09780439121756
34800,2026-03-04,3390.0,6.9551777434312205,1.4403922770456634,19.28571428571429,False,51.03244837758112
58030,2025-04-09,4010.0,-26.602838091981535,1.3984812684205692,47.3753280839895,False,51.02244389027432
40920,2026-04-27,3225.0,8.987256874580819,0.5258413461538461,20.468557336621455,False,51.007751937984494
68570,2025-09-30,14650.0,31.0121107266436,0.8603277123644636,6.149903907751442,False,50.98976109215017
63300,2025-09-19,1515.0,-17.995444191343964,0.7279165778167747,25.07418397626113,False,50.95709570957096
62580,2025-04-11,1242.0,-72.96610169491525,0.9251283750207057,77.93960923623445,False,50.88566827697263
62660,2025-12-19,1944.0,-9.086538461538462,1.2282605951990306,26.641509433962263,False,50.87448559670782
62350,2026-04-09,3030.0,9.039746746394654,0.8869292211090078,20.887728459530024,False,50.82508250825083
31560,2026-05-01,2828.0,5.555555555555555,1.741405971214464,12.03732503888025,False,50.81329561527581
268A0,2026-02-03,1197.0,-4.5639771801141,0.5525123390119324,11.201780415430267,False,50.79365079365079
61430,2026-01-29,1022.0,8.263598326359832,0.5342326747448218,8.422939068100359,False,50.782778864970645
46760,2025-01-06,1711.5,,,,False,50.74496056091148
69660,2026-04-27,678.0,7.779578606158834,0.7516258635141775,24.24581005586592,False,50.737463126843664
80500,2026-01-21,7510.0,4.861111111111112,0.8539899073920035,2.594033722438392,False,50.7323568575233
69760,2026-01-29,3229.0,-8.49874196253844,1.1057398751609815,30.960017104981823,False,50.72777949829669
48390,2025-07-07,1037.0,4.087736789631107,4.2556281771968045,5.296803652968037,False,50.72324011571842
43840,2025-12-10,1250.0,25.72533849129594,2.175400566735006,13.793103448275861,False,50.72
62780,2026-02-03,10610.0,17.35052754982415,1.131411196756728,1.302325581395349,False,50.70688030160226
28740,2026-04-16,1700.0,13.937753721244924,0.8752496822226258,-0.7705986959098993,True,50.70588235294118
63230,2025-09-04,1638.5,-17.07070707070707,0.9874069721123394,24.301224301224302,False,50.68660360085444
63150,2025-12-23,1991.0,-9.95091477019188,0.6048033717101736,30.65134099616858,False,50.67805123053741
50160,2025-09-04,1468.5,62.20338983050847,1.8371818992322912,0.8440243079000675,False,50.663942798774265
57070,2025-12-09,703.0,7.587253414264036,0.6279199348506279,11.349306431273645,False,50.640113798008535
61340,2026-01-26,3974.0,12.45146977260122,1.3222648104383055,2.3587223587223587,True,50.60392551585304
34360,2026-04-20,2110.0,24.51708766716196,0.9603694513104158,13.895123444195063,False,50.56872037914692
63300,2025-07-07,973.0,53.12046444121916,4.659105862628606,9.572490706319703,False,50.56526207605344
44620,2026-05-18,2421.0,0.631163708086785,2.3371573011860782,21.140065146579804,False,50.55762081784386
58210,2026-01-16,2886.0,-2.0883259157822662,0.7692888989647094,12.809667673716014,False,50.55440055440056
68570,2026-03-30,20925.0,-21.52888888888889,1.4218856510472007,28.69313341284716,False,50.53763440860215
31100,2026-03-31,18740.0,-21.58730158730159,0.7218844017465766,34.612700628053034,False,50.53361792956244
18140,2025-10-09,2518.0,-1.9859813084112148,0.5570547417116423,6.981898780938309,False,50.516282764098484
67230,2026-05-01,3205.0,38.23972455347536,0.8914591521421109,4.75482912332838,False,50.51482059282372
99320,2025-04-21,1174.0,-11.176905995558846,0.46592894583576006,16.56005685856432,False,50.51107325383305
99840,2026-04-02,3604.0,-5.7114228456913825,1.4357795519161831,86.98682072576277,False,50.49944506104328
16620,2025-12-11,1412.0,7.617625093353249,0.46249824476941287,3.155006858710562,False,50.49575070821529
69810,2026-04-20,4738.0,22.73212379935966,1.1508781380517359,2.870028700287003,False,50.48543689320388
62350,2026-03-31,2572.0,-20.914454277286136,0.5754310657366185,32.84595300261097,False,50.466562986003105
30860,2026-05-29,2168.0,-7.319167203262503,0.9890058344488665,22.46065808297568,False,50.46125461254613
30860,2026-06-04,2196.0,-0.44632894443204646,0.5941229621721945,21.45922746781116,False,50.36429872495446
40220,2026-01-26,7010.0,18.76019575856444,0.7907366496533862,7.519788918205805,False,50.35663338088445
40620,2025-04-21,3457.0,-20.112485939257592,0.6193871961484921,33.735863523097564,False,50.33265837431299
77170,2026-01-28,3100.0,5.676126878130217,0.7252124645892352,21.518987341772153,False,50.32258064516129
17260,2026-02-02,352.0,1.729106628242075,0.5570412230687724,4.3478260869565215,False,50.28409090909091
68570,2025-06-02,7090.0,25.652396384103703,0.5757060116402182,32.02301054650048,False,50.2820874471086
27370,2025-10-10,7140.0,12.852664576802509,0.9157440420341527,2.3255813953488373,False,50.280112044817926
80350,2026-05-19,47160.0,12.723112128146452,0.8282825120530962,12.455912381659552,False,50.25445292620865
63240,2025-04-09,2463.0,-38.87356321839081,1.1728732559787782,53.96261682242991,False,50.22330491270808
36560,2025-11-10,227.0,6.310679611650485,0.7627813212597905,21.180555555555554,False,50.22026431718062
63230,2025-04-07,1030.5,-25.46468401486989,3.0032540935607495,46.908809891808346,False,50.21834061135371
40220,2026-04-09,1621.0,-81.53503893214683,1.1350764498326247,85.15567765567765,False,50.21591610117212
57410,2026-01-14,2257.0,18.138297872340424,0.7407755834346882,65.59451219512195,False,50.19937970757643
61970,2025-11-12,504.0,1.2072434607645874,0.8669187906997561,5.263157894736842,False,50.198412698412696
72450,2026-06-08,1173.0,31.79317931793179,1.2774407660292157,11.605124340617936,False,50.127877237851656
31560,2026-04-28,2871.0,6.433408577878104,1.251459257529769,10.699844479004666,False,50.1219087425984
79490,2025-04-23,1467.0,-3.1064111037673494,0.7833076791517017,7.151898734177216,False,50.03408316291752
54710,2026-05-25,1937.0,-1.2684989429175475,0.6756827265232863,18.88609715242881,False,50.02581311306143
40470,2026-04-14,1700.0,7.00261780104712,1.1830268290741184,7.759088442756376,False,50.0
58050,2025-10-28,7220.0,-6.265664160401002,0.8124559254722934,23.19148936170213,False,50.0
68000,2026-03-27,3090.0,-15.353805073431243,0.7253827784801236,18.037135278514587,False,50.0
77170,2026-05-28,5940.0,13.721413721413722,1.0162973814319722,4.3478260869565215,False,50.0
